Al,B,Co,Cr,Cu,Fe,Ga,La,Mg,Mn,Mo,Nb,Ni,P,Pt,Si,Sn,V,Zn,Zr,sint_temp,sint_time,T,p,flow,dry/red,k_d,yield,score
0.962,0,0,0,0,0,0.029,0,0,0,0.01,0,0,0,0,0,0,0,0,0,0.608993157,1,0.333333333,0,-1,1,0.247879131,0.290268081,0.436633362
0.962,0,0,0,0,0,0.029,0,0,0,0,0,0,0,0,0,0,0,0,0.01,0.608993157,1,0.333333333,0,-1,1,0.266231374,0.262036395,0.38454817
0.962,0,0,0,0,0,0.029,0,0,0.01,0,0,0,0,0,0,0,0,0,0,0.608993157,1,0.333333333,0,-1,1,0.270294461,0.272525439,0.397726645
0.999,0,0,0,0,0,0,0,0,0,0,0,0,0,0.001,0,0,0,0,0,0.608993157,1,-0.333333333,0,-0.333333333,1,0.151020303,0.021715832,0.036872602
0.97,0,0,0,0,0,0.029,0,0,0,0,0,0,0,0.001,0,0,0,0,0,0.608993157,1,0.333333333,0,-0.333333333,1,0.678446117,0.318072476,0.204554879
0.989,0,0,0,0,0,0,0,0,0,0.01,0,0,0,0.001,0,0,0,0,0,0.608993157,1,0.333333333,0,-0.333333333,1,0.133569997,0.02868177,0.049701493
0.999,0,0,0,0,0,0,0,0,0,0,0,0,0,0.001,0,0,0,0,0,0.608993157,1,0.333333333,0,-0.333333333,1,0.156660567,0.036845712,0.062146883
0.961,0,0,0,0,0,0.029,0,0,0,0.01,0,0,0,0.001,0,0,0,0,0,0.608993157,1,0.333333333,0,-0.333333333,1,0.828332463,0.40251672,0.138198108
0.97,0,0,0,0,0,0.029,0,0,0,0,0,0,0,0.001,0,0,0,0,0,0.608993157,1,-0.333333333,0,-0.333333333,1,0.501359514,0.254253221,0.253561899
0.971,0,0,0,0,0,0.029,0,0,0,0,0,0,0,0,0,0,0,0,0,0.608993157,1,0.333333333,0,1,1,0.401581383,0.115550046,0.138294598
0.962,0,0,0,0,0,0.029,0,0,0,0.01,0,0,0,0,0,0,0,0,0,0.608993157,1,0.333333333,0,1,1,0.365774156,0.138376228,0.17552356
0.961,0,0,0,0,0,0.029,0,0,0,0.01,0,0,0,0.001,0,0,0,0,0,0.608993157,1,0.333333333,0,1,1,1.753469874,0.414773872,0
0.961,0,0,0,0,0,0.029,0,0,0,0.01,0,0,0,0.001,0,0,0,0,0,0.608993157,1,-1,0,-0.333333333,1,0.438826127,0.276980422,0.310868352
0.97,0,0,0,0,0,0.029,0,0,0,0,0,0,0,0.001,0,0,0,0,0,0.608993157,1,-1,0,-0.333333333,1,0.471961917,0.256011184,0.270367309
0.971,0,0,0,0,0,0.029,0,0,0,0,0,0,0,0,0,0,0,0,0,0.608993157,1,-1,0,-0.333333333,1,0.061059186,0.069422176,0.130366629
0.962,0,0,0,0,0,0.029,0,0,0,0.01,0,0,0,0,0,0,0,0,0,0.608993157,1,-1,0,-0.333333333,1,0.016925404,0.0831929,0.163569653
0.961,0,0,0,0,0,0.029,0,0,0,0.01,0,0,0,0.001,0,0,0,0,0,0.608993157,1,-0.333333333,0,-0.333333333,1,0.680069703,0.382372327,0.244664984
0.97,0,0,0,0,0,0.029,0,0,0,0,0,0,0,0.001,0,0,0,0,0,0.608993157,1,-0.333333333,0,-0.333333333,1,0.40565135,0.255495123,0.303706363
0.961,0,0,0,0,0,0.029,0,0,0,0.01,0,0,0,0.001,0,0,0,0,0,0.608993157,1,-0.333333333,0,-0.333333333,1,0.678008918,0.386817178,0.249103363
0.962,0,0,0,0,0,0.029,0,0,0,0.01,0,0,0,0,0,0,0,0,0,0.608993157,1,0.866666667,0,-0.111111111,1,0.536648966,0.234995383,0.217770707
0.961,0,0,0,0,0,0.029,0,0,0,0.01,0,0,0,0.001,0,0,0,0,0,0.608993157,1,0.866666667,0,-0.111111111,1,1.18215543,0.483945383,0
0.971,0,0,0,0,0,0.029,0,0,0,0,0,0,0,0,0,0,0,0,0,0.608993157,1,0.866666667,0,-0.111111111,1,0.513046605,0.215581784,0.209956563
0.97,0,0,0,0,0,0.029,0,0,0,0,0,0,0,0.001,0,0,0,0,0,0.608993157,1,0.333333333,0,-0.111111111,1,1.008031974,0.387105731,0
0.971,0,0,0,0,0,0,0,0,0,0.029,0,0,0,0,0,0,0,0,0,0.608993157,1,-0.333333333,0,-0.333333333,1,0.051808506,0.025761261,0.048853218
0.943,0,0,0,0,0,0.028,0,0,0,0.028,0,0,0,0,0,0,0,0,0,0.608993157,1,-0.333333333,0,-0.333333333,1,0.283121291,0.133019718,0.190718007
0.971,0,0,0,0,0,0.029,0,0,0,0,0,0,0,0,0,0,0,0,0,0.608993157,1,-0.333333333,0,-0.333333333,1,0.125766791,0.106813351,0.186759558
0.962,0,0,0,0,0,0.029,0,0,0,0.01,0,0,0,0,0,0,0,0,0,0.608993157,1,-0.333333333,0,-0.333333333,1,0.110474753,0.13387836,0.238176363
0.966,0,0,0,0,0,0.029,0,0,0,0.005,0,0,0,0,0,0,0,0,0,0.608993157,1,-0.333333333,0,-0.333333333,1,0.091963744,0.117325309,0.213071268
0.943,0,0,0,0,0,0.028,0,0,0,0.028,0,0,0,0,0,0,0,0,0,0.608993157,1,-0.333333333,0,-1,1,0.202654043,0.201888309,0.321949654
0.966,0,0,0,0,0,0.029,0,0,0,0.005,0,0,0,0,0,0,0,0,0,0.608993157,1,-0.333333333,0,-1,1,0.07311764,0.191422348,0.354851995
0.961,0,0,0,0,0,0.029,0,0,0,0.01,0,0,0,0.001,0,0,0,0,0,0.608993157,1,0.333333333,0,-1,1,0.540786578,0.475144235,0.43638522
0.961,0,0,0,0,0,0.029,0,0,0,0.01,0,0,0,0.001,0,0,0,0,0,0.608993157,1,-0.333333333,0,-1,1,0.360864919,0.413341837,0.528362537
0.971,0,0,0,0,0,0.029,0,0,0,0,0,0,0,0,0,0,0,0,0,0.608993157,1,-0.333333333,0,-1,1,0.093097643,0.169772262,0.30793373
0.962,0,0,0,0,0,0.029,0,0,0,0.01,0,0,0,0,0,0,0,0,0,0.608993157,1,-0.333333333,0,-1,1,0.0677733,0.213121738,0.397355548
0.97,0,0,0,0,0,0.029,0,0,0,0,0,0,0,0.001,0,0,0,0,0,0.608993157,1,-0.333333333,0,-1,1,0.270601974,0.269471388,0.393103796
0.966,0,0,0,0,0,0.029,0,0,0,0.005,0,0,0,0,0,0,0,0,0,0.608993157,1,1,0,-1,1,0.451887243,0.363549481,0.398532217
0.97,0,0,0,0,0,0.029,0,0,0,0,0,0,0,0.001,0,0,0,0,0,0.608993157,1,1,0,-1,1,0.546881206,0.390469513,0.35385815
0.971,0,0,0,0,0,0.029,0,0,0,0,0,0,0,0,0,0,0,0,0,0.608993157,1,1,0,-1,1,0.471691472,0.362591531,0.383120396
0.966,0,0,0,0,0,0.029,0,0,0,0.005,0,0,0,0,0,0,0,0,0,0.608993157,1,0.333333333,0,-1,1,0.228142045,0.272849828,0.42120262
0.971,0,0,0,0,0,0.029,0,0,0,0,0,0,0,0,0,0,0,0,0,0.608993157,1,0.333333333,0,-0.333333333,1,0.260415007,0.16188348,0.239453185
0.962,0,0,0,0,0,0.029,0,0,0,0.01,0,0,0,0,0,0,0,0,0,0.608993157,1,0.333333333,0,-0.333333333,1,0.257378229,0.184303019,0.273734869
0.966,0,0,0,0,0,0.029,0,0,0,0.005,0,0,0,0,0,0,0,0,0,0.608993157,1,0.333333333,0,-0.333333333,1,0.24248863,0.17716676,0.268411671
0.962,0,0,0,0,0,0.029,0,0,0,0.01,0,0,0,0,0,0,0,0,0,0.608993157,1,0.333333333,0,-1,-1,0.411422402,0.283117371,0.333273084
0.971,0,0,0,0,0,0,0,0,0,0.029,0,0,0,0,0,0,0,0,0,0.608993157,1,0.333333333,0,-1,-1,0.283610263,0.073753298,0.105672212
0.917,0,0,0,0,0,0,0,0,0,0.083,0,0,0,0,0,0,0,0,0,0.608993157,1,0.333333333,0,-1,1,0.594353241,0.071626673,0.058110256
0.943,0,0,0,0,0,0,0,0,0,0.057,0,0,0,0,0,0,0,0,0,0.608993157,1,0.333333333,0,-1,1,0.365637348,0.089526283,0.113584261
0.943,0,0,0,0,0,0.028,0,0,0,0.028,0,0,0,0,0,0,0,0,0,0.608993157,1,0.333333333,0,-1,1,0.544108397,0.273444598,0.249322192
0.971,0,0,0,0,0,0,0,0,0,0.029,0,0,0,0,0,0,0,0,0,0.608993157,1,0.333333333,0,-1,1,0.151745527,0.065958161,0.11189861
0.962,0,0,0,0,0,0.029,0,0,0,0,0,0,0,0,0,0,0,0.01,0,0.608993157,1,0.333333333,0,-1,1,0.352208049,0.249998978,0.323894651
0.962,0,0,0,0,0.01,0.029,0,0,0,0,0,0,0,0,0,0,0,0,0,0.608993157,1,0.333333333,0,-1,1,0.282751334,0.259141964,0.371738456
0.962,0,0,0,0.01,0,0.029,0,0,0,0,0,0,0,0,0,0,0,0,0,0.608993157,1,0.333333333,0,-1,1,0.266176808,0.205342559,0.301370264
0.962,0,0,0,0,0,0.029,0.01,0,0,0,0,0,0,0,0,0,0,0,0,0.608993157,1,0.333333333,0,-1,1,0.227468123,0.262786886,0.406022492
0.971,0,0,0,0,0,0.029,0,0,0,0,0,0,0,0,0,0,0,0,0,0.706744868,1,0.333333333,0,-1,1,0.175227107,0.242451721,0.399935214
0.971,0,0,0,0,0,0.029,0,0,0,0,0,0,0,0,0,0,0,0,0,0.706744868,1,0.333333333,0,-0.333333333,1,0.192621845,0.1540452,0.248745459
0.961,0,0,0,0,0,0.029,0,0,0,0.01,0,0,0,0.001,0,0,0,0,0,0.706744868,1,0.333333333,0,-0.333333333,1,0.712556862,0.343185412,0.197292583
0.962,0,0,0,0,0,0.029,0,0,0,0.01,0,0,0,0,0,0,0,0,0,0.706744868,1,0.333333333,0,-0.333333333,1,0.183314631,0.167659384,0.273849932
0.962,0,0,0,0,0,0.029,0,0,0,0.01,0,0,0,0,0,0,0,0,0,0.706744868,1,-0.333333333,0,-0.333333333,1,0.056561074,0.115419518,0.217782532
0.971,0,0,0,0,0,0.029,0,0,0,0,0,0,0,0,0,0,0,0,0,0.706744868,1,-0.333333333,0,-0.333333333,1,0.112695881,0.108594388,0.192712496
0.97,0,0,0,0,0,0.029,0,0,0,0,0,0,0,0.001,0,0,0,0,0,0.706744868,1,-0.333333333,0,-0.333333333,1,0.561737288,0.303643052,0.266150855
0.961,0,0,0,0,0,0.029,0,0,0,0.01,0,0,0,0.001,0,0,0,0,0,0.706744868,1,-1,0,-0.333333333,1,0.288248214,0.258457671,0.367915418
0.971,0,0,0,0,0,0.029,0,0,0,0,0,0,0,0,0,0,0,0,0,0.706744868,1,-1,0,-0.333333333,1,0.221596011,0.092330785,0.143741303
0.97,0,0,0,0,0,0.029,0,0,0,0,0,0,0,0.001,0,0,0,0,0,0.706744868,1,-1,0,-0.333333333,1,0.39402705,0.264466187,0.320518711
0.962,0,0,0,0,0,0.029,0,0,0,0.01,0,0,0,0,0,0,0,0,0,0.706744868,1,-1,0,-0.333333333,1,0.040740974,0.081728212,0.156797049
0.961,0,0,0,0,0,0.029,0,0,0,0.01,0,0,0,0.001,0,0,0,0,0,0.706744868,1,-0.333333333,0,-0.333333333,1,0.651301901,0.319223496,0.222625252
0.97,0,0,0,0,0,0.029,0,0,0,0,0,0,0,0.001,0,0,0,0,0,0.706744868,1,0.333333333,0,-0.333333333,1,0.610070682,0.304977498,0.237839336
0.97,0,0,0,0,0,0.029,0,0,0,0,0,0,0,0.001,0,0,0,0,0,0.804496579,1,0.333333333,0,-0.333333333,1,0.596290021,0.34074242,0.27512223
0.961,0,0,0,0,0,0.029,0,0,0,0.01,0,0,0,0.001,0,0,0,0,0,0.804496579,1,0.333333333,0,-0.333333333,1,0.818212947,0.456044121,0.165805834
0.962,0,0,0,0,0,0.029,0,0,0,0.01,0,0,0,0,0,0,0,0,0,0.804496579,1,0.333333333,0,-0.333333333,1,0.406225325,0.242120347,0.287529861
0.971,0,0,0,0,0,0.029,0,0,0,0,0,0,0,0,0,0,0,0,0,0.804496579,1,0.333333333,0,-0.333333333,1,0.203731034,0.148616433,0.236677307
0.961,0,0,0,0,0,0.029,0,0,0,0.01,0,0,0,0.001,0,0,0,0,0,0.804496579,1,-0.333333333,0,-0.333333333,1,0.536074744,0.422559486,0.392072035
0.971,0,0,0,0,0,0.029,0,0,0,0,0,0,0,0,0,0,0,0,0,0.804496579,1,0.333333333,0,-0.333333333,1,0.253269866,0.122436017,0.182853327
0.97,0,0,0,0,0,0.029,0,0,0,0,0,0,0,0.001,0,0,0,0,0,0.804496579,1,-1,0,-0.333333333,1,0.171847875,0.244373066,0.404756149
0.961,0,0,0,0,0,0.029,0,0,0,0.01,0,0,0,0.001,0,0,0,0,0,0.804496579,1,-1,0,-0.333333333,1,0.185942327,0.343291555,0.558918249
0.962,0,0,0,0,0,0.029,0,0,0,0.01,0,0,0,0,0,0,0,0,0,0.804496579,1,-1,0,-0.333333333,1,0.390619588,0.196376946,0.239336529
0.971,0,0,0,0,0,0.029,0,0,0,0,0,0,0,0,0,0,0,0,0,0.804496579,1,-1,0,-0.333333333,1,0.254936078,0.085317542,0.127134046
0.97,0,0,0,0,0,0.029,0,0,0,0,0,0,0,0.001,0,0,0,0,0,0.804496579,1,-0.333333333,0,-0.333333333,1,0.616240271,0.353496241,0.271315243
0.962,0,0,0,0,0,0.029,0,0,0,0.01,0,0,0,0,0,0,0,0,0,0.804496579,1,-0.333333333,0,-0.333333333,1,0.356110448,0.15634233,0.201334385
0.99,0,0,0,0,0,0,0,0,0,0.01,0,0,0,0,0,0,0,0,0,0.804496579,1,-0.333333333,0,-0.333333333,1,0.127414006,0.019262229,0.033615902
0.989,0,0,0,0,0,0,0,0,0,0.01,0,0,0,0.001,0,0,0,0,0,0.804496579,1,-0.333333333,0,-0.333333333,1,0.040904985,0.014100037,0.02704655
0.968,0,0,0,0,0,0.029,0,0,0,0,0,0,0,0.003,0,0,0,0,0,0.804496579,1,-0.333333333,0,-0.333333333,1,0.674932127,0.322566784,0.209712197
0.966,0,0,0,0,0,0.029,0,0,0,0,0,0,0,0.005,0,0,0,0,0,0.804496579,1,-0.333333333,0,-0.333333333,1,0.481211379,0.269028996,0.279138363
0.97,0,0,0,0,0,0.029,0,0,0,0,0,0,0,0.001,0,0,0,0,0,0.804496579,1,-0.333333333,0,-0.333333333,-1,0.59538142,0.273128669,0.221025869
0.968,0,0,0,0,0,0.029,0,0,0,0,0,0,0,0.003,0,0,0,0,0,0.804496579,1,-0.333333333,0,-0.333333333,-1,0.599981006,0.302162702,0.24174164
0.97,0,0,0,0,0,0.029,0,0,0,0,0,0,0,0.001,0,0,0,0,0,0.804496579,1,-0.333333333,0,-0.333333333,1,0.246268329,0.322963033,0.486854932
0.971,0,0,0,0,0,0.029,0,0,0,0,0,0,0,0,0,0,0,0,0,0.804496579,1,-0.333333333,0,-0.333333333,1,0.096440035,0.154609778,0.279398412
0.968,0,0,0,0,0,0.029,0,0,0,0,0,0,0,0.003,0,0,0,0,0,0.804496579,1,-0.333333333,0,-0.333333333,1,0.229910254,0.352107098,0.542308131
0.966,0,0,0,0,0,0.029,0,0,0,0,0,0,0,0.005,0,0,0,0,0,0.804496579,1,-0.333333333,0,-0.333333333,1,0.245082951,0.355949272,0.537424348
0.943,0,0,0,0,0,0.057,0,0,0,0,0,0,0,0.001,0,0,0,0,0,0.804496579,1,-0.333333333,0,-0.333333333,1,0.709140701,0.358451679,0.208518009
0.892,0,0,0,0,0,0.107,0,0,0,0,0,0,0,0.001,0,0,0,0,0,0.804496579,1,-0.333333333,0,-0.333333333,1,0.690433344,0.317980744,0.196872471
0.943,0,0.057,0,0,0,0,0,0,0,0,0,0,0,0,0,0,0,0,0,0.706744868,1,0.333333333,0,-1,-1,0.264381241,0.23389212,0.344110862
0.935,0.009,0.056,0,0,0,0,0,0,0,0,0,0,0,0,0,0,0,0,0,0.706744868,1,0.333333333,0,-1,-1,0.145140169,0.120253846,0.205600366
0.935,0,0.056,0,0,0,0,0,0,0,0,0,0,0.009,0,0,0,0,0,0,0.706744868,1,0.333333333,0,-1,-1,2.044741223,0.137922934,0
0.917,0,0.055,0,0,0,0,0,0,0,0,0,0,0.028,0,0,0,0,0,0,0.706744868,1,0.333333333,0,-1,-1,0.120567309,0.124076115,0.218233184
0.935,0,0.056,0,0,0,0,0,0,0,0,0,0,0,0,0,0.009,0,0,0,0.706744868,1,0.333333333,0,-1,-1,0.343630729,0.218304379,0.286576573
0.943,0.001,0.057,0,0,0,0,0,0,0,0,0,0,0,0,0,0,0,0,0,0.706744868,1,0.333333333,0,-1,-1,0.238780453,0.229789539,0.349840578
0.935,0,0.056,0,0,0,0,0.009,0,0,0,0,0,0,0,0,0,0,0,0,0.706744868,1,0.333333333,0,-1,-1,0.212594009,0.200071813,0.315075488
0.943,0,0.057,0,0,0,0,0,0,0,0,0,0,0,0.001,0,0,0,0,0,0.706744868,1,0.333333333,0,-1,-1,0.267735575,0.228289185,0.334336098
0.939,0.005,0.056,0,0,0,0,0,0,0,0,0,0,0,0,0,0,0,0,0,0.706744868,1,0.333333333,0,-1,-1,0.181945979,0.161583417,0.264367927
0.935,0,0.056,0,0,0,0,0,0,0,0.009,0,0,0,0,0,0,0,0,0,0.706744868,1,0.333333333,0,-1,-1,0.375802396,0.186765232,0.233156821
0.935,0,0.056,0.009,0,0,0,0,0,0,0,0,0,0,0,0,0,0,0,0,0.706744868,1,0.333333333,0,-1,-1,0.246714999,0.311563685,0.469392501
0.935,0,0.056,0,0,0,0,0,0.009,0,0,0,0,0,0,0,0,0,0,0,0.706744868,1,0.333333333,0,-1,-1,0.174778331,0.18244528,0.301115596
0.917,0,0.055,0,0,0,0,0,0.028,0,0,0,0,0,0,0,0,0,0,0,0.706744868,1,0.333333333,0,-1,-1,0.153788521,0.169322125,0.286564651
0.943,0,0.057,0,0,0,0,0,0,0,0,0,0,0,0,0,0,0,0,0,0.706744868,1,-1,0,-1,-1,0.104070151,0.117186168,0.209981172
0.943,0,0.057,0,0,0,0,0,0,0,0,0,0,0,0.001,0,0,0,0,0,0.608993157,1,-1,0,-1,-1,0.083075915,0.115355184,0.211543893
0.935,0,0.056,0,0,0,0.009,0,0,0,0,0,0,0,0,0,0,0,0,0,0.608993157,1,-1,0,-1,-1,3.235072491,0.162529656,0
0.935,0,0.056,0,0,0,0,0,0,0,0,0,0,0,0,0,0,0,0.009,0,0.608993157,1,-1,0,-1,-1,0.098971081,0.117908685,0.212478269
0.943,0,0.057,0,0,0,0,0,0,0,0,0,0,0,0,0,0,0,0,0,0.608993157,1,-1,0,-1,-1,0.059505113,0.097228407,0.18288564
0.943,0,0.057,0,0,0,0,0,0,0,0,0,0,0,0,0,0,0,0,0,0.608993157,-0.666666667,-1,0,-1,-1,0.14762816,0.114093389,0.194499983
0.943,0,0.057,0,0,0,0,0,0,0,0,0,0,0,0,0,0,0,0,0,0.608993157,0,-1,0,-1,-1,0.072227158,0.106026975,0.196737896
0.943,0,0,0,0,0,0,0,0,0,0,0,0.057,0,0,0,0,0,0,0,0.706744868,1,0.333333333,0,-1,-1,0.297501251,0.149020864,0.209373942
0.935,0.009,0,0,0,0,0,0,0,0,0,0,0.056,0,0,0,0,0,0,0,0.706744868,1,0.333333333,0,-1,-1,0.226338741,0.083346,0.128963142
0.935,0,0,0,0,0,0,0,0,0,0,0,0.056,0.009,0,0,0,0,0,0,0.706744868,1,0.333333333,0,-1,-1,2.284275472,0.120714015,0
0.935,0,0,0,0,0,0,0,0,0,0,0,0.056,0.009,0,0,0,0,0,0,0.706744868,1,0.333333333,0,-1,1,2.833575977,0.145068251,0
0.917,0,0,0,0,0,0,0,0,0,0,0,0.055,0.028,0,0,0,0,0,0,0.706744868,1,0.333333333,0,-1,-1,2.984356947,0.08623396,0
0.935,0,0,0,0,0,0,0,0,0,0,0,0.056,0.009,0,0,0,0,0,0,0.706744868,1,0.333333333,0,-1,-1,0.969191229,0.145655008,0.008974904
0.935,0,0,0,0,0,0,0,0,0,0,0,0.056,0,0,0,0.009,0,0,0,0.706744868,1,0.333333333,0,-1,-1,0.237596201,0.119644776,0.182435263
0.943,0,0,0,0,0,0,0,0,0,0,0,0.057,0,0.001,0,0,0,0,0,0.706744868,1,0.333333333,0,-1,-1,0.310704512,0.17151199,0.236444882
0.935,0,0,0,0,0,0,0,0,0,0.009,0,0.056,0,0,0,0,0,0,0,0.706744868,1,0.333333333,0,-1,-1,0.276765851,0.12897559,0.186559102
0.893,0,0,0,0,0,0,0,0,0,0,0,0.054,0,0,0,0.054,0,0,0,0.608993157,1,-1,0,-1,-1,0,0.017169044,0.034338088
0.893,0,0,0,0,0,0,0,0,0,0,0,0.054,0,0,0,0.054,0,0,0,0.608993157,1,-1,0,-1,-1,0,0.038322369,0.076644738
0.971,0,0,0,0,0,0,0,0,0,0,0,0,0,0,0,0,0.029,0,0,0.706744868,1,0.333333333,0,-0.333333333,1,0.194846776,0.150084687,0.241682339
0.971,0,0,0,0,0,0,0,0,0,0,0,0,0,0,0,0,0.029,0,0,0.706744868,1,0.333333333,0,-0.333333333,-1,0.324455741,0.186761054,0.252330716
0.943,0,0,0,0,0,0,0,0,0,0,0,0,0,0,0,0,0.057,0,0,0.706744868,1,0.333333333,0,-0.333333333,-1,0.712841122,0.240296616,0.138006613
0.917,0,0,0,0,0,0,0,0,0,0,0,0,0,0,0,0,0.083,0,0,0.706744868,1,0.333333333,0,-0.333333333,-1,0.94455872,0.200244992,0.022203677
0.893,0,0,0,0,0,0,0,0,0,0,0,0,0,0,0,0,0.107,0,0,0.706744868,1,0.333333333,0,-0.333333333,-1,0.956896658,0.180017972,0.015518752
0.971,0,0,0,0,0,0,0,0,0,0,0,0,0,0,0,0,0.029,0,0,0.608993157,1,0.333333333,0,-0.333333333,1,0.779287573,0.19864339,0.08768613
0.962,0,0,0,0,0.01,0,0,0,0,0,0,0,0,0,0,0,0.029,0,0,0.608993157,1,0.333333333,0,-0.333333333,1,0.649210858,0.14633744,0.10266717
0.962,0,0,0,0,0,0,0.01,0,0,0,0,0,0,0,0,0,0.029,0,0,0.608993157,1,0.333333333,0,-0.333333333,1,0.593655089,0.172038334,0.139813803
0.962,0,0.01,0,0,0,0,0,0,0,0,0,0,0,0,0,0,0.029,0,0,0.608993157,1,0.333333333,0,-0.333333333,1,0.654336888,0.231478485,0.160027147
0.962,0,0,0,0,0,0,0,0,0,0,0,0,0,0,0,0,0.029,0.01,0,0.608993157,1,0.333333333,0,-0.333333333,1,0.733552789,0.16911341,0.090119593
0.943,0,0,0,0,0,0,0,0,0,0,0,0,0,0,0,0,0.057,0,0,0.608993157,1,0.333333333,0,-0.333333333,1,0.981582779,0.244036185,0.008988937
0.917,0,0,0,0,0,0,0,0,0,0,0,0,0,0,0,0,0.083,0,0,0.608993157,1,0.333333333,0,-0.333333333,1,1.242014803,0.23709162,0
0.971,0,0,0,0,0,0,0,0,0,0,0,0,0,0,0,0,0.029,0,0,0.608993157,1,0.333333333,0,-0.333333333,1,0.713900919,0.179295866,0.102592765
0.943,0,0,0,0,0,0,0,0,0,0,0,0,0,0,0,0,0.057,0,0,0.608993157,1,0.333333333,0,-0.333333333,1,0.892252695,0.232213531,0.050040764
0.917,0,0,0,0,0,0,0,0,0,0,0,0,0,0,0,0,0.083,0,0,0.608993157,1,0.333333333,0,-0.333333333,1,0.893367985,0.231110993,0.049287662
0.971,0,0,0,0,0,0,0,0,0,0,0,0,0,0,0,0,0.029,0,0,0.608993157,1,-1,0,-0.333333333,1,0.486104912,0.058603673,0.060232279
0.962,0,0.01,0,0,0,0,0,0,0,0,0,0,0,0,0,0,0.029,0,0,0.608993157,1,-1,0,-0.333333333,1,0.56120377,0.098229933,0.086205849
0.971,0,0,0,0,0,0,0,0,0,0,0,0,0,0,0,0,0.029,0,0,0.608993157,1,0.333333333,0,-0.333333333,1,0.130517325,0.130634914,0.227169589
0.943,0,0,0,0,0,0,0,0,0,0,0,0,0,0,0,0,0.057,0,0,0.608993157,1,0.333333333,0,-0.333333333,1,1.084160884,0.209506077,0
0.962,0,0.01,0,0,0,0,0,0,0,0,0,0,0,0,0,0,0.029,0,0,0.608993157,1,0.333333333,0,-0.333333333,1,0.267537248,0.17146365,0.251181474
0.971,0,0,0,0,0,0,0,0,0,0,0,0,0,0,0,0,0.029,0,0,0.608993157,1,0.333333333,0,-1,-1,0.414415368,0.327235522,0.383248185
0.971,0,0,0,0,0,0,0,0,0,0,0,0,0,0,0,0,0.029,0,0,0.608993157,1,-0.2,0,-1,-1,0.309580483,0.25927268,0.358013838
0.971,0,0,0,0,0,0,0,0,0,0,0,0,0,0,0,0,0.029,0,0,0.608993157,1,-1,0,-1,-1,0.273098921,0.150761072,0.219176772
0.962,0,0.01,0,0,0,0,0,0,0,0,0,0,0,0,0,0,0.029,0,0,0.608993157,1,0.333333333,0,-1,-1,0.360245822,0.374808619,0.47957076
0.962,0,0.01,0,0,0,0,0,0,0,0,0,0,0,0,0,0,0.029,0,0,0.608993157,1,-0.2,0,-1,-1,0.298391944,0.305425704,0.428578269
0.962,0,0.01,0,0,0,0,0,0,0,0,0,0,0,0,0,0,0.029,0,0,0.608993157,1,-1,0,-1,-1,0.254422206,0.225100832,0.335660363
0.971,0,0,0,0,0,0,0,0,0,0,0,0,0,0,0,0,0.029,0,0,0.608993157,1,-1,0,-0.333333333,1,0.505165992,0.052899301,0.052352746
0.962,0,0.01,0,0,0,0,0,0,0,0,0,0,0,0,0,0,0.029,0,0,0.608993157,1,-1,0,-0.333333333,1,0.891476762,0.115279875,0.02502109
0.943,0,0.028,0,0,0,0,0,0,0,0,0,0,0,0,0,0,0.028,0,0,0.608993157,1,-1,0,-0.333333333,1,0.263986803,0.133750065,0.196883627
0.926,0,0.046,0,0,0,0,0,0,0,0,0,0,0,0,0,0,0.028,0,0,0.608993157,1,-1,0,-0.333333333,1,0.220809615,0.128552418,0.200333615
0.971,0,0.029,0,0,0,0,0,0,0,0,0,0,0,0,0,0,0,0,0,0.608993157,1,-1,0,-0.333333333,1,0.277808545,0.075827263,0.109523603
0.943,0,0,0,0,0,0,0,0,0,0,0,0,0,0,0,0,0.057,0,0,0.608993157,1,-1,0,-0.333333333,1,0.648844287,0.093444573,0.065627191
0.926,0,0.019,0,0,0,0,0,0,0,0,0,0,0,0,0,0,0.056,0,0,0.608993157,1,-1,0,-0.333333333,1,0.168941554,0.155034426,0.257685339
0.962,0,0.029,0,0,0,0,0,0,0,0,0,0,0,0,0,0,0.01,0,0,0.608993157,1,-1,0,-0.333333333,1,0.558313006,0.12838609,0.113412932
1,0,0,0,0,0,0,0,0,0,0,0,0,0,0,0,0,0,0,0,-1,-1,-1,0,-0.333333333,1,0.659888221,0.009093195,0.006185405
0.943,0,0.057,0,0,0,0,0,0,0,0,0,0,0,0,0,0,0,0,0,0.608993157,1,-1,0,-0.333333333,1,0.106653325,0.069369466,0.123941964
0.943,0,0.057,0,0,0,0,0,0,0,0,0,0,0,0,0,0,0,0,0,0.706744868,1,0.333333333,0,-1,-1,0.168236048,0.219864718,0.365751093
0.900565,0,0.057,0,0,0,0,0,0.042435,0,0,0,0,0,0,0,0,0,0,0,0.706744868,1,0.333333333,0,-1,-1,0.240809528,0.23916106,0.363137596
0.857187,0,0.057,0,0,0,0,0,0.085813,0,0,0,0,0,0,0,0,0,0,0,0.706744868,1,0.333333333,0,-1,-1,0.208973693,0.215363544,0.340716458
0.769488,0,0.057,0,0,0,0,0,0.173512,0,0,0,0,0,0,0,0,0,0,0,0.706744868,1,0.333333333,0,-1,-1,0.174279122,0.194646301,0.32144703
0.851529,0,0.057,0,0,0,0,0,0,0.091471,0,0,0,0,0,0,0,0,0,0,0.706744868,1,0.333333333,0,-1,-1,0.179253836,0.246449704,0.404545299
0.798721,0,0.057,0,0,0,0,0,0,0,0,0.144279,0,0,0,0,0,0,0,0,0.706744868,1,0.333333333,0,-1,-1,0.181906003,0.236888708,0.38759446
0.943,0,0,0,0,0,0,0,0,0,0,0,0,0,0,0,0,0.057,0,0,0.706744868,1,0.333333333,0,-1,-1,0.677324021,0.370919707,0.239373759
0.847,0,0,0,0,0,0,0,0,0,0,0.153,0,0,0,0,0,0,0,0,0.706744868,1,0.333333333,0,-1,-1,0.578000405,0.37753018,0.318635166
0.903,0,0,0,0,0,0,0,0,0.097,0,0,0,0,0,0,0,0,0,0,0.706744868,1,0.333333333,0,-1,-1,0.560246933,0.328036742,0.288510326
0.971,0,0,0,0,0,0.029,0,0,0,0,0,0,0,0,0,0,0,0,0,1,1,-0.333333333,0,-0.333333333,1,0.498044225,0.164624271,0.165268207
0.97,0,0,0,0,0,0.029,0,0,0,0,0,0,0,0.001,0,0,0,0,0,1,1,-0.333333333,0,-0.333333333,1,0.566879134,0.259392435,0.224696553
0.962,0,0,0,0,0,0.029,0,0,0,0.01,0,0,0,0,0,0,0,0,0,1,1,-0.333333333,0,-0.333333333,1,0.395119171,0.155152231,0.187697221
0.961,0,0,0,0,0,0.029,0,0,0,0.01,0,0,0,0.001,0,0,0,0,0,1,1,-0.333333333,0,-0.333333333,1,0.756655867,0.390857974,0.19022599
0.92245,0,0,0,0,0,0.029,0,0.04855,0,0,0,0,0,0,0,0,0,0,0,0.608993157,1,0.333333333,0,-0.333333333,1,0.161315433,0.176888733,0.296707701
0.9215,0,0,0,0,0,0.029,0,0.0485,0,0,0,0,0,0.001,0,0,0,0,0,0.608993157,1,0.333333333,0,-0.333333333,1,0.670669764,0.445297229,0.293299683
0.9139,0,0,0,0,0,0.029,0,0.0481,0,0.01,0,0,0,0,0,0,0,0,0,0.608993157,1,0.333333333,0,-0.333333333,1,0.121445139,0.175002614,0.307498795
0.91295,0,0,0,0,0,0.029,0,0.04805,0,0.01,0,0,0,0.001,0,0,0,0,0,0.608993157,1,-0.333333333,0,-0.333333333,1,0.489409008,0.451261892,0.460820514
0.92245,0,0,0,0,0,0.029,0,0.04855,0,0,0,0,0,0,0,0,0,0,0,0.608993157,1,-0.333333333,0,-0.333333333,1,0.173285452,0.127714431,0.211166757
0.9215,0,0,0,0,0,0.029,0,0.0485,0,0,0,0,0,0.001,0,0,0,0,0,0.608993157,1,-0.333333333,0,-0.333333333,1,0.421884668,0.380419616,0.439852825
0.9139,0,0,0,0,0,0.029,0,0.0481,0,0.01,0,0,0,0,0,0,0,0,0,0.608993157,1,-0.333333333,0,-0.333333333,1,0.088922277,0.114792667,0.209170082
0.9215,0,0,0,0,0,0.029,0,0.0485,0,0,0,0,0,0.001,0,0,0,0,0,0.608993157,1,-1,0,-0.333333333,1,0.197515757,0.295681084,0.474558821
0.91295,0,0,0,0,0,0.029,0,0.04805,0,0.01,0,0,0,0.001,0,0,0,0,0,0.608993157,1,-1,0,-0.333333333,1,0.423996447,0.435653968,0.501876467
0.9139,0,0,0,0,0,0.029,0,0.0481,0,0.01,0,0,0,0,0,0,0,0,0,0.608993157,1,-1,0,-0.333333333,1,0.028365065,0.082360526,0.160048729
0.92245,0,0,0,0,0,0.029,0,0.04855,0,0,0,0,0,0,0,0,0,0,0,0.608993157,1,-1,0,-0.333333333,1,0.019133943,0.06922804,0.135806869
0.94905,0,0,0,0,0,0,0,0.04995,0,0,0,0,0,0.001,0,0,0,0,0,0.608993157,1,0.333333333,0,-0.333333333,1,0,0.016828563,0.033657127
0.91295,0,0,0,0,0,0.029,0,0,0,0.01,0,0,0,0.001,0.04805,0,0,0,0,0.608993157,1,0.333333333,0,-0.333333333,1,0.861186248,0.500569454,0.138813752
0.92245,0,0,0,0,0,0.029,0,0,0,0,0,0,0,0,0.04855,0,0,0,0,0.608993157,1,0.333333333,0,-0.333333333,1,0.179208957,0.163710565,0.268744331
0.9215,0,0,0,0,0,0.029,0,0,0,0,0,0,0,0.001,0.0485,0,0,0,0,0.608993157,1,0.333333333,0,-0.333333333,1,0.701223128,0.406743131,0.24305088
0.91295,0,0,0,0,0,0.029,0,0,0,0.01,0,0,0,0.001,0.04805,0,0,0,0,0.608993157,1,-0.333333333,0,-0.333333333,1,0.647909421,0.454649997,0.320155961
0.9139,0,0,0,0,0,0.029,0,0,0,0.01,0,0,0,0,0.0481,0,0,0,0,0.608993157,1,0.333333333,0,-0.333333333,1,0.134275386,0.147719562,0.255768922
0.9215,0,0,0,0,0,0.029,0,0,0,0,0,0,0,0.001,0.0485,0,0,0,0,0.608993157,1,-0.333333333,0,-0.333333333,1,0.620727792,0.386474111,0.293157779
0.9139,0,0,0,0,0,0.029,0,0,0,0.01,0,0,0,0,0.0481,0,0,0,0,0.608993157,1,-0.333333333,0,-0.333333333,1,0.062060898,0.100732761,0.18896239
0.92245,0,0,0,0,0,0.029,0,0,0,0,0,0,0,0,0.04855,0,0,0,0,0.608993157,1,-0.333333333,0,-0.333333333,1,0.21434146,0.128494804,0.20190608
0.9215,0,0,0,0,0,0.029,0,0,0,0,0,0,0,0.001,0.0485,0,0,0,0,0.608993157,1,-1,0,-0.333333333,1,0.467815206,0.34327614,0.365372684
0.91295,0,0,0,0,0,0.029,0,0,0,0.01,0,0,0,0.001,0.04805,0,0,0,0,0.608993157,1,-1,0,-0.333333333,1,0.481430004,0.391979688,0.40653781
0.92245,0,0,0,0,0,0.029,0,0,0,0,0,0,0,0,0.04855,0,0,0,0,0.608993157,1,-1,0,-0.333333333,1,0.191651136,0.084987236,0.137398671
0.9139,0,0,0,0,0,0.029,0,0,0,0.01,0,0,0,0,0.0481,0,0,0,0,0.608993157,1,-1,0,-0.333333333,1,0.046040608,0.063385209,0.120933831
0.94905,0,0,0,0,0,0,0,0,0,0,0,0,0,0.001,0.04995,0,0,0,0,0.608993157,1,0.333333333,0,-0.333333333,1,0,0.021224087,0.042448175
0.89585,0,0.057,0,0,0,0,0,0.04715,0,0,0,0,0,0,0,0,0,0,0,0.706744868,1,0.333333333,0,-1,-1,0.16880909,0.326131663,0.542155347
0.89585,0,0,0,0,0,0,0,0.04715,0,0,0,0.057,0,0,0,0,0,0,0,0.706744868,1,0.333333333,0,-1,-1,0.21473764,0.144929299,0.227615047
0.89585,0,0.057,0,0,0,0,0,0,0,0,0,0,0,0,0.04715,0,0,0,0,0.706744868,1,0.333333333,0,-1,-1,0.158856783,0.227269739,0.382332799
0,0,0.057,0,0,0,0,0,0,0,0,0,0,0,0,0,0,0,0,0.943,0.706744868,1,0.333333333,0,-1,-1,0.088664293,0.018172168,0.033121891
0,0,0,0,0,0,0,0,0,0,0,0,0.057,0,0,0,0,0,0,0.943,0.706744868,1,0.333333333,0,-1,-1,0.10253812,0.021295625,0.038224023
0,0,0,0,0,0,0,0,0,0,0,0,0.057,0,0,0.943,0,0,0,0,0.706744868,1,0.333333333,0,-1,-1,3.401469931,0.008537636,0
0,0,0,0,0,0,0,0,0,0,0,0,0,0,0,0.943,0,0.057,0,0,0.706744868,1,0.333333333,0,-1,-1,0.253806062,0.154998192,0.231317423
0,0,0.057,0,0,0,0,0,0,0,0,0,0,0,0,0.943,0,0,0,0,0.706744868,1,0.333333333,0,-1,-1,0,0.010815082,0.021630165
0,0,0,0,0,0,0.029,0,0,0,0,0,0,0,0,0.971,0,0,0,0,0.706744868,1,0.333333333,0,-1,-1,0.004253099,0.060135482,0.11975944
0.99,0,0,0,0,0,0,0,0,0,0,0,0,0,0.01,0,0,0,0,0,-1,-1,0.333333333,0,-1,-1,0.44770517,0.134455828,0.148518518
0,0,0,0,0,0,0.029,0,0,0,0,0,0,0,0.001,0.97,0,0,0,0,0.706744868,1,0.333333333,0,-1,-1,0.111455951,0.116936993,0.207807338
0,0,0,0,0,0,0,0,0,0,0,0,0,0,0.01,0.99,0,0,0,0,0.706744868,1,0.333333333,0,-1,-1,0.020086632,0.008036919,0.015750968
0.99,0,0,0,0,0,0,0,0,0,0,0,0,0,0.01,0,0,0,0,0,0.706744868,1,0.333333333,0,-1,-1,0.40681817,0.124879323,0.148152291
0.971,0,0,0,0,0,0,0,0,0,0,0,0,0,0.029,0,0,0,0,0,0.706744868,1,0.333333333,0,-1,-1,0.489696705,0.146425414,0.149442743
0.971,0,0,0,0,0,0,0,0,0,0,0,0,0,0.029,0,0,0,0,0,0.706744868,1,0.333333333,0,-1,-1,0.420199417,0.195119393,0.226260676
0.99,0,0,0,0,0,0,0,0,0,0,0,0,0,0.01,0,0,0,0,0,0.608993157,0,0.333333333,0,-1,-1,0.623456321,0.149274309,0.112416595
0.96154,0,0.01154,0.00962,0,0,0.00673,0,0,0,0,0,0,0,0.01058,0,0,0,0,0,0.706744868,1,-1,0,-1,1,0.312992041,0.209166629,0.287398278
0.96618,0,0,0.00966,0,0,0.00966,0,0,0,0,0,0,0,0.01449,0,0,0,0,0,0.706744868,1,-1,0,-1,1,0.640162812,0.287544494,0.206938404
0.97182,0,0,0.00583,0,0.0068,0.0068,0,0,0,0,0,0,0,0.00875,0,0,0,0,0,0.706744868,1,-1,0,-0.333333333,1,0.546031785,0.085985241,0.078069133
0,0,0,0.01061,0.00964,0,0,0,0,0,0,0,0,0,0.01543,0.96432,0,0,0,0,0.608993157,0,-1,0,-0.777777778,1,0.350419286,0.059645232,0.077488785
0,0,0,0.02197,0,0,0,0,0,0,0,0,0,0,0.02292,0.95511,0,0,0,0,0.608993157,0,-1,0,-0.777777778,1,0.337725013,0.067331906,0.089184475
0,0,0,0.00866,0,0.00866,0.00866,0,0,0,0,0,0,0,0.01155,0.96246,0,0,0,0,0.608993157,0,0.333333333,0,-0.777777778,1,0.403788359,0.176103353,0.209989738
0.96525,0,0.01351,0.00772,0,0,0,0,0,0,0,0,0,0,0,0,0,0.01351,0,0,0.706744868,1,0.333333333,0,-0.777777778,-1,0.578557332,0.257955171,0.217426631
0.96432,0,0.0135,0.00868,0,0,0,0,0,0,0,0,0,0,0,0,0,0.0135,0,0,0.706744868,1,0.333333333,0,-1,-1,0.689079416,0.343491275,0.213597016
0.96899,0,0.00775,0.0126,0,0,0,0,0,0,0,0,0,0,0,0,0,0.01066,0,0,0.706744868,1,0.866666667,0,-0.777777778,-1,0.632891687,0.305795567,0.22452019
0.96525,0,0.00772,0.01062,0,0,0,0,0,0,0,0,0,0,0,0,0,0.01641,0,0,0.706744868,1,-0.333333333,0,-1,-1,0.455140307,0.268042526,0.292091137
0.96618,0,0,0.00966,0,0,0.00966,0,0,0,0,0,0,0,0.01449,0,0,0,0,0,0.706744868,1,0.333333333,0,-1,1,0.405540223,0.28031926,0.33327705
0.96618,0,0,0.00966,0,0,0.00966,0,0,0,0,0,0,0,0.01449,0,0,0,0,0,0.706744868,1,-0.333333333,0,-1,-1,0.466818211,0.264676956,0.282241866
0.96154,0,0.01154,0.00962,0,0,0.00673,0,0,0,0,0,0,0,0.01058,0,0,0,0,0,0.706744868,1,0.333333333,0,-0.333333333,1,0.27689248,0.151485438,0.219080518
0.97182,0,0,0.00583,0,0.0068,0.0068,0,0,0,0,0,0,0,0.00875,0,0,0,0,0,0.706744868,1,-0.333333333,0,-0.333333333,-1,0.738772399,0.250952154,0.131111258
0.96899,0,0.00775,0.0126,0,0,0,0,0,0,0,0,0,0,0,0,0,0.01066,0,0,0.706744868,1,0.333333333,0,-1,-1,0.492661667,0.336044895,0.340976914
